geography_code,crime_sum_2021
E01000006,94
E01000007,512
E01000008,225
E01000009,299
E01000010,1329
E01000011,112
E01000012,142
E01000013,263
E01000014,100
E01000015,147
E01000016,106
E01000017,104
E01000018,113
E01000019,86
E01000020,81
E01000021,129
E01000022,68
E01000023,246
E01000024,57
E01000025,116
E01000027,161
E01000028,123
E01000029,103
E01000030,237
E01000031,143
E01000032,216
E01000033,96
E01000034,118
E01000035,210
E01000036,136
E01000037,94
E01000038,60
E01000039,87
E01000040,122
E01000041,82
E01000042,120
E01000043,85
E01000044,132
E01000045,243
E01000046,97
E01000048,30
E01000049,224
E01000050,119
E01000051,56
E01000052,130
E01000053,140
E01000054,96
E01000055,105
E01000056,214
E01000057,156
E01000058,142
E01000059,86
E01000060,279
E01000061,225
E01000062,151
E01000063,94
E01000064,203
E01000065,111
E01000066,109
E01000067,127
E01000068,111
E01000069,85
E01000070,246
E01000071,183
E01000072,200
E01000073,116
E01000074,101
E01000075,161
E01000076,102
E01000077,122
E01000078,139
E01000079,113
E01000080,130
E01000081,89
E01000082,173
E01000083,108
E01000084,174
E01000085,133
E01000086,92
E01000087,216
E01000088,156
E01000089,140
E01000090,153
E01000091,163
E01000092,498
E01000093,183
E01000094,111
E01000095,435
E01000096,171
E01000097,130
E01000098,205
E01000099,128
E01000100,106
E01000101,115
E01000102,123
E01000103,114
E01000104,150
E01000105,289
E01000106,210
E01000107,74
E01000108,171
E01000109,164
E01000110,66
E01000111,220
E01000112,181
E01000113,154
E01000114,220
E01000115,67
E01000116,92
E01000117,136
E01000118,69
E01000119,54
E01000120,48
E01000121,61
E01000122,48
E01000123,109
E01000124,263
E01000125,408
E01000126,138
E01000127,108
E01000128,114
E01000129,300
E01000130,99
E01000131,131
E01000132,82
E01000133,93
E01000134,83
E01000135,87
E01000136,75
E01000137,118
E01000138,98
E01000139,69
E01000140,135
E01000141,448
E01000142,113
E01000143,167
E01000144,163
E01000145,101
E01000146,403
E01000147,66
E01000148,217
E01000150,300
E01000151,196
E01000152,137
E01000153,110
E01000154,143
E01000155,348
E01000156,80
E01000157,39
E01000158,98
E01000159,116
E01000160,185
E01000161,136
E01000162,148
E01000163,162
E01000164,235
E01000165,61
E01000166,72
E01000167,88
E01000168,58
E01000169,73
E01000170,159
E01000171,281
E01000172,55
E01000173,62
E01000174,202
E01000175,59
E01000176,92
E01000177,82
E01000178,91
E01000179,71
E01000180,64
E01000181,135
E01000182,118
E01000183,56
E01000184,126
E01000185,92
E01000186,46
E01000187,54
E01000188,110
E01000189,129
E01000190,79
E01000191,58
E01000192,212
E01000193,372
E01000194,220
E01000195,207
E01000196,208
E01000197,90
E01000198,114
E01000199,68
E01000200,68
E01000201,69
E01000202,72
E01000203,146
E01000204,84
E01000205,84
E01000206,123
E01000207,91
E01000208,88
E01000209,79
E01000210,67
E01000211,219
E01000212,81
E01000213,59
E01000214,118
E01000215,86
E01000216,87
E01000217,69
E01000218,130
E01000219,146
E01000220,94
E01000221,320
E01000222,111
E01000223,249
E01000224,74
E01000225,59
E01000226,99
E01000227,63
E01000228,99
E01000229,56
E01000230,61
E01000231,93
E01000232,101
E01000233,136
E01000234,81
E01000235,116
E01000236,79
E01000237,204
E01000238,113
E01000239,125
E01000240,103
E01000241,108
E01000242,74
E01000243,177
E01000244,161
E01000245,234
E01000246,41
E01000247,91
E01000248,128
E01000249,45
E01000250,254
E01000251,229
E01000252,82
E01000253,84
E01000254,57
E01000255,112
E01000256,72
E01000257,173
E01000258,173
E01000259,113
E01000260,122
E01000261,41
E01000262,130
E01000263,52
E01000264,257
E01000265,73
E01000266,51
E01000267,52
E01000268,255
E01000269,56
E01000270,50
E01000271,111
E01000272,55
E01000273,116
E01000274,101
E01000275,47
E01000276,34
E01000277,61
E01000278,43
E01000279,48
E01000280,48
E01000281,150
E01000282,77
E01000283,41
E01000284,73
E01000285,49
E01000286,83
E01000287,60
E01000288,52
E01000289,121
E01000290,94
E01000291,74
E01000292,86
E01000293,73
E01000294,171
E01000295,108
E01000296,213
E01000297,59
E01000298,154
E01000299,190
E01000300,59
E01000301,44
E01000302,112
E01000303,41
E01000304,75
E01000305,225
E01000306,46
E01000307,801
E01000308,87
E01000309,76
E01000310,252
E01000311,117
E01000312,162
E01000313,146
E01000314,163
E01000315,97
E01000316,265
E01000317,80
E01000318,86
E01000319,58
E01000320,60
E01000321,124
E01000322,107
E01000323,326
E01000324,79
E01000325,55
E01000326,57
E01000327,46
E01000328,70
E01000329,66
E01000330,234
E01000331,124
E01000332,64
E01000333,162
E01000334,63
E01000335,301
E01000336,206
E01000337,88
E01000338,80
E01000339,53
E01000340,31
E01000341,41
E01000342,33
E01000343,74
E01000344,67
E01000345,31
E01000346,36
E01000347,58
E01000348,28
E01000349,48
E01000350,48
E01000351,45
E01000352,201
E01000353,37
E01000354,52
E01000355,27
E01000356,64
E01000357,22
E01000358,65
E01000359,41
E01000360,406
E01000361,32
E01000362,525
E01000363,49
E01000364,55
E01000365,109
E01000366,57
E01000367,111
E01000368,82
E01000369,53
E01000370,56
E01000371,51
E01000372,111
E01000373,82
E01000374,108
E01000375,108
E01000376,60
E01000377,108
E01000378,444
E01000379,76
E01000380,103
E01000381,95
E01000382,38
E01000383,82
E01000384,55
E01000385,161
E01000386,180
E01000387,44
E01000388,44
E01000389,80
E01000390,58
E01000391,67
E01000392,180
E01000393,69
E01000394,80
E01000395,44
E01000396,27
E01000398,47
E01000399,62
E01000400,59
E01000401,90
E01000402,109
E01000403,551
E01000404,251
E01000405,111
E01000406,121
E01000407,80
E01000408,176
E01000409,20
E01000410,79
E01000411,42
E01000412,78
E01000413,104
E01000414,196
E01000415,36
E01000416,216
E01000417,105
E01000418,68
E01000419,47
E01000420,39
E01000421,21
E01000422,115
E01000423,31
E01000424,54
E01000425,20
E01000426,48
E01000427,80
E01000428,180
E01000429,215
E01000430,140
E01000431,121
E01000432,192
E01000433,220
E01000434,118
E01000435,163
E01000436,33
E01000437,52
E01000438,81
E01000439,138
E01000440,23
E01000441,127
E01000442,48
E01000443,42
E01000444,59
E01000445,83
E01000446,63
E01000447,166
E01000448,32
E01000449,41
E01000450,72
E01000451,44
E01000452,49
E01000453,42
E01000454,122
E01000455,51
E01000456,42
E01000457,272
E01000458,53
E01000459,110
E01000460,35
E01000461,49
E01000462,164
E01000463,25
E01000464,77
E01000465,166
E01000466,170
E01000467,86
E01000468,182
E01000469,85
E01000470,125
E01000471,47
E01000472,205
E01000473,205
E01000474,65
E01000475,215
E01000476,90
E01000477,123
E01000478,99
E01000479,77
E01000480,69
E01000481,110
E01000482,416
E01000483,178
E01000484,119
E01000485,61
E01000486,55
E01000487,133
E01000488,87
E01000489,109
E01000490,237
E01000491,129
E01000492,72
E01000493,63
E01000494,88
E01000495,136
E01000497,212
E01000498,109
E01000499,172
E01000501,104
E01000502,136
E01000503,115
E01000504,125
E01000505,78
E01000506,191
E01000507,122
E01000508,302
E01000509,114
E01000510,334
E01000511,115
E01000512,131
E01000513,81
E01000514,63
E01000515,161
E01000516,157
E01000517,104
E01000518,99
E01000519,101
E01000520,109
E01000521,285
E01000522,99
E01000523,269
E01000524,496
E01000525,147
E01000526,253
E01000527,170
E01000528,150
E01000530,80
E01000531,178
E01000532,143
E01000533,269
E01000534,87
E01000535,167
E01000536,105
E01000538,70
E01000539,56
E01000540,43
E01000541,101
E01000543,141
E01000544,100
E01000545,236
E01000546,183
E01000547,95
E01000548,291
E01000549,101
E01000550,206
E01000551,156
E01000552,67
E01000553,223
E01000554,121
E01000555,104
E01000556,268
E01000557,148
E01000558,132
E01000559,126
E01000560,112
E01000561,129
E01000562,49
E01000563,60
E01000564,119
E01000565,92
E01000566,53
E01000567,62
E01000568,378
E01000569,66
E01000570,87
E01000571,144
E01000572,50
E01000573,53
E01000574,46
E01000575,126
E01000576,78
E01000577,165
E01000578,233
E01000579,98
E01000580,232
E01000581,93
E01000582,124
E01000583,166
E01000584,68
E01000585,57
E01000586,370
E01000587,68
E01000588,442
E01000589,138
E01000590,64
E01000591,183
E01000592,103
E01000593,90
E01000594,127
E01000595,134
E01000596,158
E01000599,110
E01000600,755
E01000601,629
E01000602,120
E01000603,121
E01000604,100
E01000605,117
E01000606,76
E01000607,83
E01000608,226
E01000609,98
E01000610,99
E01000611,73
E01000612,82
E01000613,66
E01000615,313
E01000616,87
E01000617,103
E01000618,58
E01000619,43
E01000620,79
E01000621,102
E01000622,98
E01000623,99
E01000624,59
E01000625,79
E01000626,137
E01000627,174
E01000628,333
E01000629,106
E01000630,264
E01000631,200
E01000632,145
E01000633,224
E01000634,114
E01000635,581
E01000636,156
E01000637,86
E01000638,170
E01000639,91
E01000640,211
E01000641,159
E01000642,312
E01000643,218
E01000644,153
E01000645,51
E01000646,90
E01000647,60
E01000648,124
E01000649,58
E01000650,51
E01000651,79
E01000652,47
E01000653,57
E01000654,37
E01000655,60
E01000656,54
E01000657,128
E01000658,50
E01000659,46
E01000661,245
E01000662,98
E01000663,93
E01000664,68
E01000665,102
E01000666,86
E01000667,77
E01000668,163
E01000669,91
E01000670,107
E01000671,172
E01000672,101
E01000673,86
E01000674,129
E01000675,1052
E01000676,1224
E01000677,474
E01000678,84
E01000679,66
E01000680,60
E01000681,29
E01000682,49
E01000683,44
E01000684,29
E01000685,62
E01000686,30
E01000687,62
E01000688,40
E01000689,65
E01000690,54
E01000691,58
E01000692,108
E01000693,133
E01000694,62
E01000695,50
E01000696,88
E01000697,58
E01000698,56
E01000699,122
E01000700,77
E01000701,51
E01000702,44
E01000703,137
E01000704,87
E01000705,83
E01000706,81
E01000707,37
E01000708,67
E01000709,68
E01000710,112
E01000711,121
E01000712,95
E01000713,96
E01000714,345
E01000715,61
E01000716,48
E01000717,64
E01000718,117
E01000719,379
E01000720,264
E01000721,224
E01000722,329
E01000723,33
E01000724,143
E01000725,150
E01000726,64
E01000727,169
E01000728,242
E01000729,277
E01000730,196
E01000731,60
E01000732,51
E01000733,85
E01000734,40
E01000735,123
E01000736,79
E01000737,131
E01000738,126
E01000739,151
E01000740,323
E01000741,134
E01000742,167
E01000743,199
E01000744,156
E01000745,141
E01000746,105
E01000747,131
E01000748,69
E01000749,89
E01000750,85
E01000751,158
E01000752,56
E01000753,28
E01000754,71
E01000755,19
E01000756,132
E01000757,26
E01000758,29
E01000759,43
E01000760,66
E01000761,53
E01000762,48
E01000763,40
E01000764,85
E01000765,121
E01000766,46
E01000767,56
E01000768,41
E01000769,343
E01000770,74
E01000771,91
E01000772,41
E01000773,37
E01000774,91
E01000775,141
E01000777,63
E01000778,140
E01000779,115
E01000780,100
E01000781,85
E01000782,171
E01000783,75
E01000784,41
E01000785,101
E01000786,94
E01000787,72
E01000788,91
E01000789,183
E01000790,433
E01000791,46
E01000792,88
E01000793,30
E01000794,28
E01000795,51
E01000796,145
E01000797,174
E01000798,159
E01000799,301
E01000800,158
E01000801,107
E01000802,91
E01000803,95
E01000804,70
E01000805,107
E01000806,164
E01000807,109
E01000808,26
E01000809,29
E01000810,42
E01000811,42
E01000812,71
E01000813,62
E01000814,38
E01000815,34
E01000816,79
E01000818,47
E01000819,173
E01000820,184
E01000822,93
E01000823,124
E01000824,133
E01000825,99
E01000826,31
E01000827,55
E01000828,78
E01000829,46
E01000830,49
E01000831,40
E01000832,34
E01000833,42
E01000834,39
E01000835,218
E01000836,23
E01000837,54
E01000838,58
E01000839,37
E01000840,48
E01000841,40
E01000842,76
E01000843,84
E01000844,103
E01000845,168
E01000846,75
E01000847,129
E01000848,113
E01000849,98
E01000850,694
E01000851,348
E01000852,294
E01000853,252
E01000854,942
E01000855,761
E01000856,313
E01000857,111
E01000858,297
E01000859,179
E01000860,88
E01000861,294
E01000862,259
E01000863,1237
E01000864,101
E01000865,172
E01000866,142
E01000867,150
E01000868,100
E01000869,150
E01000870,164
E01000871,117
E01000872,190
E01000873,99
E01000874,47
E01000875,110
E01000876,135
E01000877,86
E01000878,61
E01000879,91
E01000880,57
E01000881,105
E01000882,83
E01000883,149
E01000884,61
E01000885,46
E01000886,82
E01000887,126
E01000888,129
E01000889,81
E01000890,92
E01000891,172
E01000892,126
E01000893,74
E01000894,83
E01000895,156
E01000896,89
E01000897,73
E01000898,380
E01000899,135
E01000900,150
E01000901,131
E01000902,100
E01000903,91
E01000904,287
E01000905,186
E01000906,140
E01000907,100
E01000908,86
E01000909,79
E01000910,91
E01000911,61
E01000912,176
E01000913,326
E01000914,977
E01000915,215
E01000916,351
E01000917,146
E01000918,750
E01000919,881
E01000920,219
E01000921,278
E01000922,275
E01000923,87
E01000924,85
E01000925,75
E01000926,103
E01000927,178
E01000928,243
E01000929,175
E01000930,411
E01000931,463
E01000932,107
E01000933,199
E01000934,79
E01000935,91
E01000936,130
E01000937,174
E01000938,350
E01000939,378
E01000940,91
E01000941,120
E01000942,249
E01000943,195
E01000944,105
E01000945,364
E01000946,299
E01000947,481
E01000948,168
E01000949,69
E01000950,89
E01000951,82
E01000952,114
E01000953,542
E01000954,91
E01000955,127
E01000956,352
E01000957,101
E01000958,396
E01000959,143
E01000960,233
E01000961,126
E01000962,57
E01000963,255
E01000964,74
E01000965,135
E01000966,62
E01000967,95
E01000968,111
E01000969,207
E01000970,69
E01000971,65
E01000972,263
E01000973,324
E01000974,169
E01000975,146
E01000976,247
E01000977,154
E01000978,114
E01000979,130
E01000980,82
E01000981,102
E01000982,94
E01000983,126
E01000984,110
E01000985,88
E01000986,121
E01000987,61
E01000989,52
E01000990,134
E01000991,56
E01000992,164
E01000993,101
E01000994,102
E01000995,120
E01000996,35
E01000997,74
E01000998,138
E01000999,63
E01001000,146
E01001001,137
E01001002,53
E01001003,69
E01001004,154
E01001005,144
E01001006,225
E01001007,90
E01001008,168
E01001009,147
E01001010,263
E01001011,325
E01001012,303
E01001013,754
E01001014,1192
E01001015,120
E01001016,116
E01001017,48
E01001018,56
E01001019,52
E01001020,79
E01001021,74
E01001022,54
E01001023,201
E01001024,55
E01001025,26
E01001026,58
E01001027,66
E01001028,68
E01001029,101
E01001030,47
E01001031,39
E01001032,65
E01001033,151
E01001034,89
E01001035,98
E01001036,83
E01001037,157
E01001038,110
E01001039,52
E01001040,111
E01001041,152
E01001042,432
E01001043,1065
E01001044,86
E01001045,952
E01001046,61
E01001047,150
E01001048,804
E01001049,75
E01001050,55
E01001051,96
E01001052,90
E01001053,94
E01001054,126
E01001055,88
E01001056,95
E01001057,134
E01001058,27
E01001059,60
E01001060,62
E01001061,90
E01001062,127
E01001063,91
E01001064,156
E01001065,159
E01001066,80
E01001067,41
E01001068,84
E01001069,34
E01001070,79
E01001071,60
E01001072,61
E01001073,86
E01001074,112
E01001075,68
E01001076,314
E01001077,49
E01001078,144
E01001079,140
E01001080,131
E01001081,130
E01001082,101
E01001083,55
E01001084,112
E01001085,135
E01001086,78
E01001087,305
E01001088,76
E01001089,215
E01001090,142
E01001091,111
E01001092,87
E01001093,62
E01001094,68
E01001095,99
E01001096,47
E01001097,480
E01001098,62
E01001099,62
E01001100,35
E01001101,25
E01001102,59
E01001103,54
E01001104,49
E01001105,58
E01001106,92
E01001107,50
E01001108,42
E01001109,237
E01001110,215
E01001111,178
E01001112,132
E01001113,150
E01001114,142
E01001115,208
E01001116,196
E01001117,274
E01001118,387
E01001119,19
E01001120,59
E01001121,18
E01001122,64
E01001123,28
E01001124,28
E01001125,102
E01001126,28
E01001127,82
E01001128,105
E01001129,43
E01001130,95
E01001131,64
E01001132,100
E01001133,50
E01001134,47
E01001135,93
E01001136,271
E01001137,165
E01001138,75
E01001139,99
E01001140,71
E01001141,69
E01001142,126
E01001143,116
E01001144,128
E01001145,245
E01001146,91
E01001147,130
E01001148,116
E01001149,111
E01001150,123
E01001151,143
E01001152,211
E01001153,105
E01001154,211
E01001155,358
E01001156,90
E01001157,130
E01001158,80
E01001159,104
E01001160,156
E01001161,118
E01001162,114
E01001163,122
E01001164,202
E01001165,108
E01001166,161
E01001167,275
E01001168,156
E01001169,114
E01001170,179
E01001171,105
E01001172,287
E01001173,169
E01001174,80
E01001175,119
E01001176,152
E01001177,193
E01001178,498
E01001179,103
E01001180,135
E01001181,314
E01001182,129
E01001183,368
E01001184,78
E01001185,100
E01001186,156
E01001187,111
E01001188,163
E01001189,60
E01001190,89
E01001191,310
E01001192,132
E01001193,159
E01001194,80
E01001195,94
E01001196,162
E01001197,97
E01001198,51
E01001199,124
E01001200,104
E01001201,74
E01001202,449
E01001203,147
E01001204,50
E01001205,80
E01001206,120
E01001207,102
E01001208,51
E01001209,86
E01001210,123
E01001211,49
E01001212,76
E01001213,120
E01001214,77
E01001215,212
E01001216,66
E01001217,65
E01001218,124
E01001219,126
E01001220,109
E01001221,1075
E01001222,260
E01001223,74
E01001224,76
E01001225,371
E01001226,51
E01001227,53
E01001228,90
E01001229,85
E01001230,114
E01001231,132
E01001232,81
E01001233,118
E01001234,175
E01001235,116
E01001236,58
E01001237,122
E01001238,353
E01001239,104
E01001240,133
E01001241,162
E01001242,99
E01001243,173
E01001244,177
E01001245,180
E01001246,262
E01001247,745
E01001248,108
E01001249,344
E01001250,186
E01001251,137
E01001252,220
E01001253,75
E01001254,68
E01001255,39
E01001257,158
E01001258,98
E01001259,91
E01001260,84
E01001261,405
E01001262,90
E01001263,207
E01001264,78
E01001265,106
E01001266,215
E01001267,176
E01001268,84
E01001269,70
E01001270,91
E01001271,96
E01001272,134
E01001273,79
E01001274,55
E01001275,118
E01001276,213
E01001277,197
E01001278,305
E01001279,58
E01001280,77
E01001281,59
E01001282,45
E01001283,168
E01001284,72
E01001285,131
E01001286,60
E01001287,52
E01001288,80
E01001289,52
E01001290,101
E01001291,90
E01001292,87
E01001293,66
E01001294,94
E01001295,56
E01001296,57
E01001297,115
E01001298,117
E01001299,67
E01001300,59
E01001301,120
E01001302,67
E01001303,127
E01001304,52
E01001305,46
E01001306,38
E01001307,113
E01001308,79
E01001309,98
E01001310,103
E01001311,104
E01001312,104
E01001313,60
E01001314,73
E01001315,77
E01001316,104
E01001317,112
E01001318,142
E01001319,75
E01001320,102
E01001321,123
E01001322,153
E01001323,235
E01001324,104
E01001325,125
E01001326,218
E01001327,190
E01001328,178
E01001329,80
E01001330,142
E01001331,107
E01001332,132
E01001333,282
E01001334,107
E01001335,87
E01001336,94
E01001337,239
E01001338,168
E01001339,137
E01001340,456
E01001341,95
E01001342,75
E01001343,81
E01001344,151
E01001345,88
E01001346,51
E01001347,294
E01001348,233
E01001349,130
E01001350,50
E01001351,355
E01001352,176
E01001353,101
E01001354,252
E01001355,180
E01001356,116
E01001357,134
E01001358,111
E01001359,225
E01001360,102
E01001361,824
E01001362,219
E01001363,92
E01001364,140
E01001365,134
E01001366,124
E01001367,244
E01001368,117
E01001369,112
E01001370,103
E01001371,184
E01001372,135
E01001373,126
E01001374,62
E01001375,68
E01001376,108
E01001377,65
E01001379,53
E01001380,79
E01001381,303
E01001382,50
E01001383,44
E01001384,62
E01001385,94
E01001386,99
E01001387,167
E01001388,185
E01001389,335
E01001390,68
E01001391,108
E01001392,73
E01001393,116
E01001394,151
E01001395,101
E01001396,90
E01001397,157
E01001398,118
E01001399,77
E01001400,104
E01001401,47
E01001402,101
E01001403,97
E01001404,64
E01001405,97
E01001406,158
E01001407,133
E01001408,125
E01001409,144
E01001410,153
E01001411,171
E01001412,230
E01001413,72
E01001414,120
E01001415,282
E01001416,58
E01001417,105
E01001418,123
E01001419,136
E01001420,80
E01001421,52
E01001422,53
E01001423,149
E01001424,81
E01001425,293
E01001426,163
E01001427,327
E01001428,151
E01001429,817
E01001430,147
E01001431,133
E01001432,237
E01001433,150
E01001434,132
E01001435,82
E01001436,115
E01001437,314
E01001438,152
E01001439,314
E01001440,155
E01001441,160
E01001442,178
E01001444,151
E01001445,272
E01001446,94
E01001447,189
E01001448,143
E01001449,118
E01001450,574
E01001451,143
E01001452,43
E01001453,53
E01001454,61
E01001455,78
E01001456,64
E01001457,80
E01001458,194
E01001459,136
E01001460,178
E01001461,138
E01001462,108
E01001463,80
E01001464,76
E01001465,173
E01001466,131
E01001467,92
E01001468,334
E01001469,69
E01001470,77
E01001471,94
E01001472,90
E01001473,65
E01001474,69
E01001475,51
E01001476,128
E01001477,142
E01001478,117
E01001479,164
E01001480,106
E01001481,82
E01001482,124
E01001483,159
E01001484,140
E01001485,158
E01001486,203
E01001487,159
E01001488,126
E01001489,200
E01001491,187
E01001492,118
E01001493,75
E01001494,91
E01001495,124
E01001496,89
E01001497,96
E01001498,401
E01001499,115
E01001500,120
E01001501,238
E01001502,229
E01001503,184
E01001504,108
E01001505,139
E01001506,248
E01001507,405
E01001508,233
E01001509,167
E01001510,107
E01001511,230
E01001512,209
E01001513,490
E01001514,115
E01001515,179
E01001516,201
E01001517,146
E01001518,154
E01001519,318
E01001520,99
E01001521,57
E01001522,93
E01001523,79
E01001524,80
E01001525,90
E01001526,43
E01001527,113
E01001528,151
E01001529,137
E01001530,92
E01001531,42
E01001532,88
E01001533,71
E01001534,169
E01001535,98
E01001536,367
E01001537,94
E01001538,44
E01001539,76
E01001540,164
E01001541,48
E01001542,87
E01001543,63
E01001544,133
E01001545,127
E01001546,112
E01001547,182
E01001548,156
E01001549,199
E01001550,99
E01001551,215
E01001552,195
E01001553,133
E01001554,296
E01001555,213
E01001556,102
E01001557,126
E01001558,432
E01001559,751
E01001560,120
E01001562,162
E01001563,81
E01001564,89
E01001565,60
E01001566,88
E01001567,55
E01001568,92
E01001569,118
E01001570,262
E01001571,104
E01001572,84
E01001573,110
E01001574,160
E01001575,213
E01001576,202
E01001577,166
E01001578,256
E01001579,131
E01001580,182
E01001581,128
E01001582,132
E01001583,79
E01001584,89
E01001585,84
E01001586,70
E01001587,100
E01001588,110
E01001589,192
E01001590,114
E01001591,188
E01001592,102
E01001593,88
E01001594,137
E01001595,136
E01001596,59
E01001597,94
E01001598,57
E01001599,156
E01001600,100
E01001601,48
E01001602,183
E01001603,100
E01001604,99
E01001605,48
E01001606,35
E01001607,91
E01001608,84
E01001609,336
E01001610,66
E01001611,91
E01001613,103
E01001614,122
E01001615,374
E01001617,160
E01001618,129
E01001619,86
E01001620,121
E01001621,113
E01001623,105
E01001624,110
E01001625,132
E01001629,171
E01001631,233
E01001632,129
E01001633,101
E01001634,151
E01001635,83
E01001636,166
E01001637,198
E01001638,125
E01001640,488
E01001641,373
E01001642,163
E01001644,217
E01001645,102
E01001646,267
E01001647,94
E01001648,111
E01001649,109
E01001650,119
E01001651,218
E01001652,174
E01001653,114
E01001654,136
E01001655,152
E01001656,68
E01001657,84
E01001658,82
E01001659,118
E01001660,112
E01001661,188
E01001662,285
E01001664,171
E01001665,182
E01001666,409
E01001667,902
E01001668,227
E01001669,206
E01001671,114
E01001672,154
E01001673,262
E01001674,143
E01001675,259
E01001676,208
E01001677,196
E01001678,79
E01001679,86
E01001680,58
E01001681,57
E01001682,105
E01001683,175
E01001684,68
E01001685,75
E01001686,112
E01001687,226
E01001688,234
E01001690,112
E01001692,82
E01001693,142
E01001694,123
E01001695,128
E01001696,318
E01001697,203
E01001698,168
E01001699,123
E01001700,231
E01001701,425
E01001702,86
E01001703,185
E01001704,112
E01001705,228
E01001706,99
E01001708,104
E01001709,193
E01001710,95
E01001711,104
E01001712,203
E01001713,81
E01001714,213
E01001715,66
E01001716,179
E01001717,75
E01001718,341
E01001719,153
E01001720,142
E01001722,194
E01001723,130
E01001724,168
E01001725,82
E01001726,70
E01001727,72
E01001728,105
E01001729,553
E01001730,210
E01001731,378
E01001732,222
E01001733,232
E01001734,289
E01001735,192
E01001736,118
E01001737,107
E01001738,144
E01001739,149
E01001740,120
E01001741,140
E01001742,164
E01001744,177
E01001745,199
E01001746,86
E01001747,256
E01001748,508
E01001749,130
E01001750,225
E01001751,115
E01001752,221
E01001753,143
E01001754,296
E01001755,229
E01001756,259
E01001757,83
E01001758,223
E01001759,112
E01001760,572
E01001761,250
E01001762,300
E01001763,184
E01001764,109
E01001765,147
E01001767,153
E01001768,154
E01001769,106
E01001770,147
E01001772,173
E01001773,346
E01001774,344
E01001775,166
E01001776,200
E01001777,377
E01001779,358
E01001780,376
E01001781,212
E01001782,155
E01001783,127
E01001784,151
E01001785,83
E01001786,195
E01001787,197
E01001788,151
E01001789,106
E01001790,92
E01001791,114
E01001792,167
E01001793,93
E01001794,215
E01001795,148
E01001796,198
E01001798,212
E01001799,75
E01001800,187
E01001801,74
E01001802,70
E01001803,117
E01001804,67
E01001805,111
E01001806,240
E01001807,132
E01001808,257
E01001809,117
E01001811,126
E01001812,142
E01001813,218
E01001814,201
E01001815,135
E01001816,157
E01001819,117
E01001820,128
E01001821,163
E01001822,195
E01001823,120
E01001824,159
E01001825,75
E01001826,87
E01001827,128
E01001828,199
E01001829,152
E01001830,282
E01001831,245
E01001832,133
E01001833,181
E01001834,151
E01001835,93
E01001836,213
E01001837,117
E01001838,130
E01001839,525
E01001840,134
E01001841,109
E01001842,114
E01001843,81
E01001844,214
E01001845,126
E01001846,155
E01001847,240
E01001848,233
E01001849,336
E01001850,148
E01001851,75
E01001852,120
E01001853,97
E01001854,156
E01001855,110
E01001856,172
E01001857,457
E01001858,140
E01001859,132
E01001860,255
E01001861,138
E01001862,154
E01001863,114
E01001864,108
E01001865,93
E01001866,148
E01001867,39
E01001868,120
E01001869,214
E01001870,118
E01001871,96
E01001872,86
E01001873,92
E01001874,360
E01001875,192
E01001876,282
E01001877,187
E01001878,129
E01001879,117
E01001880,156
E01001881,253
E01001882,124
E01001883,109
E01001884,241
E01001885,106
E01001886,129
E01001887,105
E01001888,81
E01001889,111
E01001890,313
E01001891,211
E01001892,105
E01001893,134
E01001894,323
E01001895,125
E01001896,129
E01001897,98
E01001898,872
E01001899,571
E01001900,215
E01001901,81
E01001902,84
E01001903,141
E01001904,86
E01001905,82
E01001906,64
E01001907,58
E01001908,101
E01001909,94
E01001910,96
E01001911,118
E01001912,173
E01001913,122
E01001914,175
E01001915,155
E01001916,58
E01001917,79
E01001918,75
E01001919,47
E01001920,307
E01001921,143
E01001922,132
E01001923,87
E01001924,74
E01001925,109
E01001926,65
E01001927,65
E01001928,134
E01001929,100
E01001930,121
E01001931,85
E01001932,327
E01001933,134
E01001934,114
E01001935,156
E01001937,108
E01001938,100
E01001939,174
E01001940,171
E01001941,399
E01001942,180
E01001943,1778
E01001944,193
E01001945,155
E01001946,142
E01001947,157
E01001948,138
E01001949,68
E01001950,123
E01001951,101
E01001952,133
E01001953,298
E01001954,140
E01001955,172
E01001956,113
E01001957,93
E01001958,122
E01001959,140
E01001960,151
E01001961,173
E01001962,85
E01001963,89
E01001964,98
E01001965,68
E01001966,189
E01001967,82
E01001968,73
E01001969,119
E01001970,189
E01001971,290
E01001972,116
E01001973,218
E01001974,115
E01001975,133
E01001976,174
E01001977,121
E01001978,234
E01001979,397
E01001980,151
E01001981,142
E01001982,124
E01001983,111
E01001984,102
E01001985,79
E01001986,70
E01001987,90
E01001988,78
E01001989,111
E01001990,359
E01001991,98
E01001992,111
E01001993,71
E01001994,66
E01001995,116
E01001996,67
E01001997,188
E01001998,101
E01001999,232
E01002000,123
E01002001,82
E01002002,678
E01002003,340
E01002004,118
E01002005,126
E01002006,79
E01002007,67
E01002008,87
E01002009,101
E01002010,79
E01002011,142
E01002013,59
E01002014,244
E01002015,106
E01002016,89
E01002017,147
E01002018,74
E01002019,85
E01002020,112
E01002021,64
E01002022,364
E01002023,64
E01002024,74
E01002025,56
E01002026,1157
E01002027,131
E01002028,141
E01002029,625
E01002030,175
E01002031,533
E01002032,208
E01002033,165
E01002034,744
E01002036,292
E01002037,369
E01002038,314
E01002039,193
E01002040,260
E01002041,161
E01002042,264
E01002043,242
E01002044,163
E01002045,212
E01002046,146
E01002047,164
E01002048,157
E01002049,185
E01002050,80
E01002051,262
E01002052,98
E01002053,151
E01002054,186
E01002055,86
E01002056,270
E01002057,176
E01002058,238
E01002059,88
E01002060,64
E01002061,86
E01002062,116
E01002063,131
E01002064,106
E01002065,195
E01002066,316
E01002067,191
E01002068,455
E01002069,521
E01002070,207
E01002071,214
E01002072,293
E01002073,193
E01002074,195
E01002075,173
E01002076,231
E01002077,437
E01002078,154
E01002079,128
E01002080,462
E01002081,299
E01002082,129
E01002083,113
E01002084,161
E01002085,318
E01002086,177
E01002087,187
E01002088,196
E01002089,71
E01002090,176
E01002091,192
E01002092,133
E01002093,347
E01002094,117
E01002095,228
E01002096,97
E01002097,140
E01002098,180
E01002099,238
E01002100,210
E01002101,134
E01002102,141
E01002103,204
E01002104,150
E01002105,307
E01002106,71
E01002107,68
E01002108,40
E01002109,61
E01002110,61
E01002111,160
E01002112,116
E01002113,98
E01002114,109
E01002115,80
E01002116,49
E01002117,168
E01002118,172
E01002119,200
E01002120,136
E01002121,58
E01002122,65
E01002123,158
E01002124,80
E01002125,118
E01002126,340
E01002127,88
E01002128,157
E01002129,919
E01002130,597
E01002131,89
E01002132,73
E01002133,177
E01002134,116
E01002135,99
E01002136,119
E01002137,69
E01002138,44
E01002139,103
E01002140,133
E01002141,89
E01002142,111
E01002143,55
E01002144,79
E01002145,82
E01002146,29
E01002147,36
E01002148,51
E01002149,30
E01002150,175
E01002151,93
E01002152,47
E01002153,61
E01002154,119
E01002155,52
E01002156,68
E01002157,112
E01002158,44
E01002159,80
E01002160,203
E01002161,86
E01002162,80
E01002163,44
E01002164,81
E01002165,70
E01002166,38
E01002167,38
E01002168,45
E01002169,70
E01002170,61
E01002171,59
E01002172,82
E01002173,51
E01002174,80
E01002175,76
E01002176,137
E01002177,65
E01002178,40
E01002179,289
E01002180,226
E01002181,89
E01002182,129
E01002183,113
E01002184,106
E01002185,100
E01002186,154
E01002187,78
E01002188,48
E01002189,220
E01002190,59
E01002191,61
E01002192,78
E01002193,72
E01002194,43
E01002195,48
E01002196,58
E01002197,37
E01002198,63
E01002199,46
E01002200,102
E01002201,56
E01002202,165
E01002203,61
E01002204,111
E01002206,70
E01002207,50
E01002208,36
E01002209,139
E01002210,52
E01002211,80
E01002212,160
E01002213,263
E01002214,108
E01002215,75
E01002216,66
E01002217,75
E01002218,98
E01002219,227
E01002220,38
E01002221,125
E01002222,71
E01002223,74
E01002224,72
E01002225,50
E01002226,224
E01002227,84
E01002228,77
E01002229,95
E01002230,42
E01002231,69
E01002232,152
E01002233,189
E01002234,100
E01002235,123
E01002236,149
E01002237,64
E01002238,78
E01002239,67
E01002240,64
E01002241,88
E01002242,49
E01002243,165
E01002244,76
E01002245,91
E01002246,94
E01002247,109
E01002248,315
E01002249,196
E01002250,135
E01002251,73
E01002252,45
E01002253,42
E01002254,52
E01002255,26
E01002256,21
E01002257,36
E01002258,71
E01002259,58
E01002260,95
E01002261,141
E01002262,74
E01002263,43
E01002264,88
E01002265,59
E01002266,115
E01002267,81
E01002268,44
E01002269,57
E01002270,51
E01002271,21
E01002272,58
E01002273,77
E01002274,57
E01002275,35
E01002276,137
E01002277,118
E01002278,88
E01002279,93
E01002280,157
E01002281,215
E01002282,384
E01002283,99
E01002284,126
E01002285,43
E01002286,17
E01002287,42
E01002288,33
E01002289,79
E01002290,44
E01002291,81
E01002292,61
E01002293,307
E01002294,64
E01002295,83
E01002296,76
E01002297,130
E01002298,71
E01002299,85
E01002300,74
E01002301,57
E01002302,124
E01002303,90
E01002304,83
E01002305,63
E01002306,103
E01002307,71
E01002308,69
E01002309,107
E01002310,249
E01002311,84
E01002312,93
E01002313,118
E01002314,122
E01002315,68
E01002316,157
E01002317,51
E01002318,50
E01002319,286
E01002320,42
E01002321,112
E01002322,55
E01002323,50
E01002324,45
E01002325,148
E01002326,172
E01002327,34
E01002328,54
E01002329,70
E01002330,152
E01002331,46
E01002332,74
E01002333,47
E01002334,54
E01002335,82
E01002336,67
E01002337,98
E01002338,86
E01002339,66
E01002340,63
E01002341,51
E01002342,87
E01002343,50
E01002344,225
E01002345,208
E01002346,111
E01002347,65
E01002348,34
E01002349,65
E01002350,217
E01002351,64
E01002352,112
E01002353,413
E01002354,38
E01002355,37
E01002356,919
E01002358,132
E01002359,39
E01002360,79
E01002361,333
E01002362,54
E01002363,36
E01002364,24
E01002365,63
E01002366,59
E01002367,107
E01002368,298
E01002369,119
E01002370,185
E01002371,88
E01002372,36
E01002373,81
E01002374,89
E01002375,191
E01002376,43
E01002377,102
E01002378,39
E01002379,155
E01002380,155
E01002381,74
E01002382,87
E01002383,56
E01002384,78
E01002385,72
E01002386,244
E01002387,28
E01002388,27
E01002389,34
E01002390,43
E01002391,80
E01002392,133
E01002393,140
E01002394,99
E01002395,61
E01002396,186
E01002397,342
E01002398,91
E01002399,93
E01002400,118
E01002401,197
E01002402,109
E01002403,106
E01002404,129
E01002405,157
E01002406,459
E01002407,340
E01002408,153
E01002409,92
E01002410,230
E01002411,99
E01002412,429
E01002413,143
E01002414,227
E01002415,63
E01002416,62
E01002417,86
E01002418,46
E01002419,46
E01002420,42
E01002421,101
E01002422,139
E01002423,124
E01002424,82
E01002425,115
E01002426,125
E01002427,52
E01002428,49
E01002429,68
E01002430,51
E01002431,13
E01002432,123
E01002433,125
E01002434,56
E01002435,50
E01002436,99
E01002437,41
E01002438,50
E01002439,110
E01002440,72
E01002441,99
E01002442,104
E01002443,204
E01002444,1785
E01002445,163
E01002446,167
E01002447,247
E01002448,213
E01002449,220
E01002450,58
E01002451,44
E01002452,81
E01002453,69
E01002454,110
E01002455,126
E01002456,173
E01002457,120
E01002458,37
E01002459,52
E01002460,124
E01002461,94
E01002462,39
E01002463,61
E01002464,37
E01002465,87
E01002466,75
E01002467,42
E01002468,61
E01002469,64
E01002470,173
E01002471,51
E01002472,111
E01002473,84
E01002474,74
E01002475,103
E01002476,31
E01002477,60
E01002478,61
E01002479,129
E01002480,53
E01002481,74
E01002482,34
E01002483,146
E01002484,86
E01002485,202
E01002486,206
E01002487,102
E01002488,87
E01002489,268
E01002490,157
E01002491,129
E01002492,111
E01002493,140
E01002494,86
E01002495,87
E01002496,207
E01002497,357
E01002498,85
E01002499,117
E01002501,95
E01002502,77
E01002503,174
E01002504,150
E01002505,469
E01002506,510
E01002507,209
E01002508,152
E01002509,41
E01002511,87
E01002512,131
E01002513,75
E01002514,378
E01002515,627
E01002516,56
E01002518,98
E01002519,122
E01002520,204
E01002521,719
E01002523,80
E01002525,99
E01002526,185
E01002527,98
E01002528,181
E01002529,174
E01002530,189
E01002531,71
E01002532,193
E01002533,70
E01002534,54
E01002535,219
E01002536,33
E01002537,103
E01002538,101
E01002539,37
E01002540,258
E01002541,104
E01002542,188
E01002543,121
E01002544,112
E01002545,149
E01002546,68
E01002547,100
E01002548,163
E01002549,99
E01002550,127
E01002551,125
E01002552,112
E01002553,136
E01002554,586
E01002555,119
E01002556,84
E01002557,128
E01002558,150
E01002559,183
E01002560,115
E01002561,79
E01002562,162
E01002563,98
E01002564,157
E01002565,224
E01002566,394
E01002567,129
E01002568,236
E01002569,126
E01002570,213
E01002571,54
E01002572,176
E01002573,110
E01002574,95
E01002575,106
E01002576,75
E01002577,95
E01002578,117
E01002579,100
E01002580,93
E01002581,106
E01002582,82
E01002583,132
E01002584,198
E01002585,101
E01002586,76
E01002587,184
E01002588,176
E01002589,195
E01002590,183
E01002591,65
E01002592,285
E01002593,225
E01002594,170
E01002595,148
E01002596,235
E01002598,219
E01002599,84
E01002600,64
E01002601,105
E01002602,66
E01002603,124
E01002604,171
E01002605,159
E01002606,117
E01002607,169
E01002608,188
E01002609,90
E01002610,112
E01002611,199
E01002612,249
E01002613,62
E01002614,161
E01002615,206
E01002616,96
E01002617,78
E01002618,81
E01002619,103
E01002620,241
E01002621,134
E01002622,104
E01002623,129
E01002624,182
E01002625,110
E01002626,165
E01002627,85
E01002628,149
E01002629,171
E01002630,141
E01002631,126
E01002632,131
E01002633,221
E01002634,162
E01002635,106
E01002636,85
E01002637,341
E01002638,164
E01002639,104
E01002640,162
E01002641,280
E01002642,503
E01002643,272
E01002645,194
E01002646,140
E01002647,119
E01002648,308
E01002649,269
E01002650,204
E01002651,105
E01002652,141
E01002653,56
E01002654,62
E01002655,77
E01002656,42
E01002657,104
E01002658,45
E01002659,58
E01002660,83
E01002661,205
E01002662,154
E01002663,89
E01002664,275
E01002665,102
E01002666,105
E01002667,137
E01002668,132
E01002669,88
E01002670,88
E01002671,76
E01002672,211
E01002673,78
E01002674,65
E01002675,93
E01002676,108
E01002677,197
E01002678,403
E01002679,139
E01002680,147
E01002681,435
E01002682,141
E01002683,112
E01002684,246
E01002686,187
E01002687,82
E01002689,81
E01002690,104
E01002691,131
E01002692,246
E01002693,286
E01002694,102
E01002695,337
E01002696,572
E01002697,199
E01002698,148
E01002699,98
E01002700,91
E01002701,214
E01002702,225
E01002703,184
E01002704,865
E01002706,179
E01002707,205
E01002708,203
E01002709,108
E01002710,141
E01002711,419
E01002712,272
E01002713,204
E01002714,133
E01002715,113
E01002716,233
E01002717,75
E01002718,106
E01002719,172
E01002720,252
E01002721,159
E01002722,185
E01002723,166
E01002724,459
E01002725,87
E01002726,272
E01002727,129
E01002728,137
E01002729,154
E01002730,274
E01002731,760
E01002732,202
E01002733,72
E01002734,621
E01002735,329
E01002736,116
E01002737,141
E01002738,169
E01002739,162
E01002740,337
E01002741,148
E01002742,122
E01002743,91
E01002744,109
E01002745,107
E01002747,186
E01002748,227
E01002749,95
E01002751,167
E01002752,101
E01002753,97
E01002754,83
E01002755,84
E01002756,98
E01002757,105
E01002758,153
E01002759,65
E01002760,113
E01002762,143
E01002763,137
E01002764,134
E01002765,324
E01002766,208
E01002767,156
E01002768,121
E01002769,114
E01002770,524
E01002771,137
E01002772,295
E01002773,135
E01002774,213
E01002775,152
E01002776,154
E01002777,138
E01002778,137
E01002779,180
E01002780,123
E01002781,109
E01002782,142
E01002783,170
E01002784,135
E01002785,152
E01002786,163
E01002787,82
E01002788,119
E01002789,122
E01002790,190
E01002791,179
E01002792,222
E01002793,234
E01002794,663
E01002795,499
E01002796,105
E01002797,212
E01002798,156
E01002799,169
E01002800,128
E01002801,243
E01002802,114
E01002803,394
E01002804,141
E01002805,233
E01002806,97
E01002807,150
E01002808,154
E01002809,108
E01002810,220
E01002811,123
E01002812,102
E01002813,63
E01002814,309
E01002815,92
E01002816,111
E01002817,145
E01002818,753
E01002819,506
E01002820,216
E01002821,321
E01002822,116
E01002823,120
E01002824,56
E01002825,140
E01002826,399
E01002827,257
E01002828,110
E01002829,129
E01002830,247
E01002831,364
E01002832,191
E01002833,248
E01002834,89
E01002835,377
E01002836,116
E01002837,56
E01002838,73
E01002839,171
E01002840,149
E01002841,131
E01002842,38
E01002843,182
E01002844,143
E01002845,124
E01002846,173
E01002847,161
E01002848,102
E01002849,128
E01002850,321
E01002851,220
E01002852,389
E01002853,86
E01002854,186
E01002855,187
E01002856,208
E01002857,170
E01002858,165
E01002859,297
E01002860,123
E01002861,160
E01002862,85
E01002863,95
E01002864,111
E01002865,272
E01002866,104
E01002867,184
E01002868,68
E01002869,131
E01002870,242
E01002871,201
E01002872,79
E01002873,78
E01002874,87
E01002875,88
E01002876,114
E01002877,222
E01002878,201
E01002879,112
E01002880,141
E01002881,89
E01002882,109
E01002883,237
E01002884,211
E01002885,92
E01002886,122
E01002887,112
E01002888,120
E01002889,475
E01002890,86
E01002891,100
E01002892,92
E01002893,111
E01002894,139
E01002895,103
E01002896,103
E01002897,93
E01002898,69
E01002899,178
E01002900,102
E01002901,58
E01002902,560
E01002903,216
E01002904,80
E01002905,125
E01002906,322
E01002907,89
E01002908,98
E01002909,134
E01002910,105
E01002911,220
E01002912,277
E01002913,152
E01002914,210
E01002915,27
E01002916,55
E01002917,27
E01002918,49
E01002919,205
E01002920,47
E01002921,87
E01002922,48
E01002923,118
E01002924,33
E01002925,88
E01002926,29
E01002927,43
E01002928,92
E01002929,123
E01002930,240
E01002931,94
E01002932,139
E01002933,95
E01002934,59
E01002935,104
E01002937,48
E01002938,70
E01002939,73
E01002940,48
E01002941,77
E01002942,33
E01002943,60
E01002944,55
E01002945,43
E01002946,43
E01002947,64
E01002948,149
E01002949,66
E01002950,65
E01002951,44
E01002952,70
E01002953,78
E01002954,182
E01002955,130
E01002956,75
E01002957,90
E01002958,36
E01002959,25
E01002960,71
E01002961,47
E01002962,65
E01002963,52
E01002964,425
E01002965,223
E01002966,85
E01002967,51
E01002968,2237
E01002969,168
E01002970,117
E01002971,150
E01002972,187
E01002973,79
E01002974,134
E01002975,76
E01002976,35
E01002977,84
E01002978,70
E01002979,40
E01002980,28
E01002981,44
E01002982,46
E01002983,78
E01002984,77
E01002985,84
E01002986,48
E01002987,271
E01002988,64
E01002989,67
E01002990,39
E01002991,54
E01002992,61
E01002993,41
E01002994,43
E01002995,40
E01002996,59
E01002997,38
E01002998,54
E01002999,72
E01003000,160
E01003001,99
E01003002,100
E01003003,255
E01003004,92
E01003005,65
E01003006,56
E01003007,39
E01003008,36
E01003009,54
E01003010,64
E01003011,120
E01003013,1185
E01003014,205
E01003015,98
E01003016,352
E01003017,344
E01003018,221
E01003019,134
E01003020,291
E01003021,191
E01003022,107
E01003023,230
E01003024,156
E01003025,119
E01003026,234
E01003027,50
E01003028,82
E01003029,120
E01003030,191
E01003031,121
E01003032,220
E01003033,67
E01003034,77
E01003035,496
E01003036,83
E01003037,185
E01003038,102
E01003039,319
E01003040,87
E01003041,315
E01003042,84
E01003043,103
E01003044,75
E01003045,149
E01003046,102
E01003047,1358
E01003048,140
E01003049,183
E01003050,177
E01003051,287
E01003052,174
E01003053,121
E01003054,160
E01003055,568
E01003056,132
E01003057,90
E01003058,159
E01003059,164
E01003060,106
E01003061,360
E01003062,194
E01003063,154
E01003064,95
E01003065,127
E01003066,157
E01003067,100
E01003068,113
E01003069,117
E01003070,117
E01003071,99
E01003072,71
E01003073,175
E01003074,341
E01003075,119
E01003076,479
E01003077,111
E01003078,107
E01003079,221
E01003080,63
E01003081,196
E01003082,108
E01003083,70
E01003084,72
E01003085,89
E01003086,128
E01003087,141
E01003088,97
E01003089,198
E01003090,279
E01003091,61
E01003092,112
E01003093,246
E01003094,103
E01003095,74
E01003096,350
E01003097,102
E01003098,76
E01003099,203
E01003100,146
E01003101,101
E01003102,416
E01003104,87
E01003105,119
E01003106,132
E01003107,134
E01003108,139
E01003109,385
E01003110,143
E01003111,132
E01003112,147
E01003113,132
E01003114,281
E01003115,131
E01003116,72
E01003117,177
E01003118,319
E01003119,121
E01003120,253
E01003121,80
E01003122,109
E01003123,102
E01003124,99
E01003125,114
E01003126,136
E01003127,166
E01003128,203
E01003129,142
E01003130,149
E01003131,159
E01003132,132
E01003133,121
E01003134,73
E01003135,122
E01003136,83
E01003137,147
E01003138,57
E01003139,85
E01003140,60
E01003141,121
E01003142,93
E01003143,85
E01003144,184
E01003145,126
E01003146,88
E01003147,117
E01003148,113
E01003149,93
E01003150,151
E01003151,106
E01003152,94
E01003153,185
E01003154,165
E01003155,99
E01003156,77
E01003157,78
E01003158,56
E01003159,112
E01003160,53
E01003161,59
E01003162,89
E01003163,60
E01003164,172
E01003165,104
E01003166,287
E01003167,99
E01003168,107
E01003169,178
E01003170,80
E01003171,132
E01003172,133
E01003173,89
E01003174,115
E01003175,105
E01003176,240
E01003177,167
E01003178,135
E01003179,107
E01003180,105
E01003181,86
E01003182,122
E01003183,155
E01003184,92
E01003185,103
E01003186,240
E01003187,114
E01003188,104
E01003189,156
E01003190,240
E01003191,103
E01003192,163
E01003193,371
E01003194,196
E01003195,90
E01003196,210
E01003197,104
E01003198,50
E01003199,312
E01003200,179
E01003201,155
E01003202,78
E01003203,225
E01003204,87
E01003205,69
E01003206,95
E01003207,231
E01003209,121
E01003210,187
E01003211,143
E01003212,129
E01003213,112
E01003214,229
E01003215,221
E01003216,140
E01003217,50
E01003218,79
E01003219,102
E01003220,118
E01003221,215
E01003222,108
E01003223,155
E01003224,126
E01003225,112
E01003226,129
E01003227,64
E01003228,78
E01003229,259
E01003230,132
E01003231,176
E01003232,90
E01003233,62
E01003235,158
E01003236,115
E01003237,185
E01003238,100
E01003239,109
E01003240,136
E01003241,118
E01003243,213
E01003244,117
E01003245,121
E01003246,177
E01003247,148
E01003248,118
E01003249,127
E01003250,242
E01003251,110
E01003252,95
E01003253,178
E01003254,129
E01003255,279
E01003256,216
E01003257,73
E01003258,59
E01003259,158
E01003260,87
E01003261,71
E01003262,86
E01003263,169
E01003264,74
E01003265,122
E01003266,120
E01003267,96
E01003268,119
E01003269,83
E01003270,56
E01003271,62
E01003272,185
E01003273,67
E01003274,115
E01003275,106
E01003276,89
E01003277,108
E01003278,128
E01003279,85
E01003280,56
E01003281,64
E01003282,147
E01003283,107
E01003284,154
E01003285,131
E01003286,226
E01003287,95
E01003288,175
E01003290,184
E01003291,475
E01003292,210
E01003293,138
E01003295,165
E01003296,805
E01003297,131
E01003298,58
E01003299,234
E01003300,120
E01003301,104
E01003302,131
E01003303,362
E01003304,380
E01003305,166
E01003307,70
E01003308,119
E01003309,160
E01003310,154
E01003311,87
E01003312,93
E01003313,107
E01003314,81
E01003315,103
E01003316,106
E01003317,295
E01003318,823
E01003319,166
E01003320,228
E01003321,158
E01003322,139
E01003323,121
E01003324,310
E01003325,220
E01003326,120
E01003327,212
E01003328,81
E01003329,93
E01003330,92
E01003331,69
E01003332,87
E01003333,109
E01003334,222
E01003335,112
E01003336,120
E01003337,119
E01003338,190
E01003339,109
E01003340,131
E01003341,77
E01003342,81
E01003343,71
E01003344,90
E01003345,98
E01003346,148
E01003347,154
E01003348,127
E01003349,98
E01003350,106
E01003351,153
E01003352,162
E01003353,222
E01003354,178
E01003355,67
E01003356,99
E01003357,167
E01003358,80
E01003359,145
E01003360,118
E01003361,81
E01003362,44
E01003363,49
E01003364,41
E01003365,23
E01003366,100
E01003367,442
E01003368,56
E01003369,69
E01003370,121
E01003371,31
E01003372,100
E01003373,119
E01003374,148
E01003375,175
E01003376,86
E01003377,112
E01003378,111
E01003379,159
E01003380,39
E01003381,32
E01003382,31
E01003383,366
E01003384,38
E01003385,39
E01003386,88
E01003387,149
E01003388,79
E01003389,208
E01003390,293
E01003391,145
E01003392,76
E01003393,88
E01003394,120
E01003395,92
E01003396,71
E01003397,83
E01003398,116
E01003399,35
E01003400,119
E01003401,119
E01003402,114
E01003403,47
E01003404,54
E01003405,134
E01003406,51
E01003407,93
E01003408,84
E01003409,113
E01003410,73
E01003411,91
E01003412,104
E01003413,142
E01003414,112
E01003415,106
E01003416,66
E01003417,54
E01003418,35
E01003419,77
E01003420,31
E01003421,63
E01003422,73
E01003423,76
E01003424,35
E01003425,40
E01003426,65
E01003427,241
E01003428,79
E01003429,76
E01003430,140
E01003431,82
E01003432,103
E01003433,146
E01003434,84
E01003435,107
E01003436,92
E01003437,141
E01003438,97
E01003439,194
E01003440,86
E01003441,107
E01003442,50
E01003443,45
E01003444,55
E01003445,66
E01003446,162
E01003447,140
E01003448,92
E01003449,68
E01003450,111
E01003451,125
E01003452,119
E01003453,131
E01003454,42
E01003455,71
E01003456,395
E01003457,59
E01003458,55
E01003459,96
E01003460,116
E01003461,81
E01003462,26
E01003463,54
E01003464,96
E01003465,53
E01003466,49
E01003467,56
E01003468,50
E01003469,194
E01003470,90
E01003471,199
E01003472,30
E01003473,71
E01003474,49
E01003475,270
E01003476,73
E01003477,97
E01003478,78
E01003479,84
E01003480,116
E01003481,131
E01003482,946
E01003483,97
E01003484,63
E01003485,70
E01003486,338
E01003487,102
E01003488,130
E01003489,194
E01003490,127
E01003491,278
E01003492,92
E01003493,249
E01003494,105
E01003495,97
E01003496,101
E01003497,300
E01003498,138
E01003499,244
E01003500,168
E01003501,127
E01003502,252
E01003503,273
E01003506,97
E01003507,202
E01003508,172
E01003509,97
E01003511,89
E01003512,133
E01003513,122
E01003514,108
E01003515,339
E01003516,173
E01003517,189
E01003518,64
E01003519,73
E01003520,539
E01003521,1150
E01003522,85
E01003523,216
E01003524,119
E01003525,161
E01003526,170
E01003527,143
E01003528,57
E01003529,103
E01003530,86
E01003531,243
E01003532,94
E01003533,134
E01003534,112
E01003535,173
E01003536,101
E01003537,168
E01003538,174
E01003539,121
E01003540,127
E01003541,79
E01003542,153
E01003543,165
E01003544,143
E01003545,114
E01003546,132
E01003547,80
E01003548,132
E01003549,144
E01003550,112
E01003551,117
E01003552,107
E01003553,204
E01003554,84
E01003555,75
E01003556,350
E01003557,187
E01003558,275
E01003559,221
E01003560,91
E01003561,84
E01003562,126
E01003563,85
E01003564,165
E01003565,74
E01003566,305
E01003567,130
E01003568,92
E01003569,502
E01003570,308
E01003571,110
E01003572,88
E01003573,162
E01003574,181
E01003575,94
E01003576,177
E01003577,128
E01003578,182
E01003579,62
E01003580,124
E01003581,97
E01003582,75
E01003583,77
E01003584,92
E01003585,75
E01003586,111
E01003587,182
E01003588,82
E01003589,115
E01003590,176
E01003591,228
E01003592,162
E01003593,98
E01003594,107
E01003595,128
E01003596,94
E01003597,63
E01003598,132
E01003599,118
E01003600,123
E01003601,562
E01003602,148
E01003603,267
E01003604,150
E01003605,140
E01003606,251
E01003607,144
E01003608,73
E01003609,282
E01003611,142
E01003615,135
E01003616,208
E01003617,1523
E01003618,266
E01003619,308
E01003621,69
E01003622,188
E01003623,144
E01003624,90
E01003625,108
E01003626,73
E01003627,74
E01003628,74
E01003629,69
E01003630,183
E01003631,95
E01003632,100
E01003633,194
E01003634,112
E01003635,107
E01003636,252
E01003637,104
E01003638,173
E01003639,137
E01003640,135
E01003641,101
E01003642,142
E01003643,84
E01003644,73
E01003645,255
E01003646,153
E01003647,121
E01003648,59
E01003649,63
E01003650,106
E01003651,76
E01003652,63
E01003653,224
E01003654,99
E01003655,93
E01003656,125
E01003657,151
E01003658,98
E01003659,87
E01003660,29
E01003661,137
E01003662,154
E01003663,86
E01003664,87
E01003665,88
E01003666,222
E01003668,111
E01003669,87
E01003670,60
E01003671,52
E01003672,85
E01003673,101
E01003674,202
E01003675,178
E01003676,68
E01003677,186
E01003678,65
E01003679,85
E01003680,99
E01003681,151
E01003682,85
E01003683,115
E01003684,131
E01003685,127
E01003686,134
E01003688,161
E01003689,1233
E01003690,405
E01003691,78
E01003692,117
E01003693,68
E01003694,48
E01003695,110
E01003696,89
E01003697,229
E01003698,50
E01003699,106
E01003700,149
E01003701,168
E01003702,103
E01003703,83
E01003704,149
E01003705,168
E01003706,71
E01003707,58
E01003708,136
E01003709,58
E01003710,52
E01003711,128
E01003712,83
E01003713,98
E01003714,213
E01003715,155
E01003716,115
E01003718,129
E01003719,243
E01003720,193
E01003721,118
E01003722,112
E01003723,174
E01003724,64
E01003725,91
E01003726,189
E01003727,121
E01003728,704
E01003729,304
E01003730,128
E01003731,106
E01003732,133
E01003733,144
E01003734,184
E01003735,189
E01003736,78
E01003737,113
E01003738,113
E01003739,181
E01003740,177
E01003741,105
E01003742,123
E01003743,139
E01003744,44
E01003745,34
E01003746,71
E01003747,31
E01003748,107
E01003749,57
E01003750,136
E01003751,135
E01003752,132
E01003753,68
E01003754,58
E01003755,158
E01003756,156
E01003757,142
E01003758,202
E01003759,40
E01003760,89
E01003761,122
E01003762,87
E01003763,131
E01003764,109
E01003765,105
E01003766,82
E01003767,230
E01003768,257
E01003769,235
E01003770,579
E01003771,148
E01003772,105
E01003773,148
E01003774,48
E01003775,60
E01003776,123
E01003777,107
E01003778,296
E01003779,86
E01003780,41
E01003781,304
E01003782,118
E01003783,1069
E01003784,116
E01003785,219
E01003786,66
E01003787,76
E01003788,267
E01003789,79
E01003790,75
E01003791,81
E01003792,70
E01003793,93
E01003794,66
E01003795,86
E01003796,57
E01003797,54
E01003798,83
E01003799,99
E01003800,99
E01003801,33
E01003802,26
E01003803,75
E01003804,59
E01003805,49
E01003806,86
E01003807,162
E01003808,67
E01003809,63
E01003810,57
E01003811,61
E01003812,88
E01003813,59
E01003814,57
E01003815,131
E01003816,90
E01003817,143
E01003818,48
E01003819,87
E01003820,75
E01003821,96
E01003822,32
E01003823,140
E01003824,48
E01003825,42
E01003826,109
E01003827,88
E01003828,42
E01003829,162
E01003830,78
E01003831,71
E01003832,111
E01003833,90
E01003834,100
E01003835,72
E01003836,37
E01003837,102
E01003838,58
E01003839,115
E01003840,54
E01003841,154
E01003842,101
E01003843,104
E01003844,80
E01003845,59
E01003846,70
E01003847,144
E01003848,67
E01003849,58
E01003851,76
E01003852,100
E01003853,71
E01003854,158
E01003855,110
E01003856,46
E01003857,60
E01003858,68
E01003859,61
E01003860,138
E01003861,96
E01003862,178
E01003863,57
E01003864,98
E01003865,87
E01003866,46
E01003867,140
E01003868,76
E01003869,74
E01003870,93
E01003871,49
E01003872,84
E01003873,132
E01003874,51
E01003875,82
E01003876,862
E01003877,37
E01003878,120
E01003879,55
E01003880,52
E01003881,36
E01003882,130
E01003883,89
E01003884,90
E01003885,49
E01003886,68
E01003887,79
E01003888,167
E01003889,70
E01003890,40
E01003891,79
E01003892,39
E01003893,54
E01003894,61
E01003895,78
E01003896,281
E01003897,232
E01003898,73
E01003899,77
E01003900,97
E01003901,55
E01003902,72
E01003903,130
E01003904,70
E01003905,67
E01003906,78
E01003907,80
E01003908,77
E01003909,160
E01003910,42
E01003911,121
E01003912,79
E01003913,357
E01003914,145
E01003915,166
E01003916,186
E01003917,112
E01003918,119
E01003919,180
E01003920,143
E01003921,448
E01003922,261
E01003923,160
E01003924,125
E01003925,84
E01003926,116
E01003927,588
E01003929,859
E01003930,184
E01003932,267
E01003933,260
E01003934,606
E01003935,195
E01003936,101
E01003937,222
E01003938,91
E01003939,505
E01003940,111
E01003941,202
E01003942,114
E01003943,131
E01003945,78
E01003946,95
E01003947,108
E01003948,114
E01003949,99
E01003950,110
E01003951,77
E01003952,184
E01003953,165
E01003954,63
E01003955,73
E01003956,87
E01003957,64
E01003958,127
E01003960,146
E01003961,251
E01003963,147
E01003964,446
E01003966,228
E01003967,35
E01003968,101
E01003969,476
E01003970,112
E01003971,116
E01003972,160
E01003973,316
E01003974,75
E01003975,136
E01003976,273
E01003977,155
E01003978,214
E01003979,273
E01003980,243
E01003981,677
E01003983,117
E01003984,216
E01003986,164
E01003987,131
E01003988,296
E01003989,244
E01003990,135
E01003991,67
E01003992,88
E01003993,101
E01003994,344
E01003995,116
E01003997,110
E01003998,119
E01003999,81
E01004000,134
E01004001,108
E01004002,71
E01004003,210
E01004004,159
E01004005,250
E01004006,78
E01004007,72
E01004008,162
E01004010,252
E01004011,114
E01004012,151
E01004013,107
E01004014,125
E01004015,137
E01004016,126
E01004017,85
E01004018,72
E01004019,115
E01004020,109
E01004021,168
E01004022,260
E01004023,203
E01004024,145
E01004027,924
E01004028,236
E01004029,119
E01004030,125
E01004031,660
E01004032,74
E01004033,201
E01004034,150
E01004035,157
E01004036,233
E01004037,155
E01004038,159
E01004039,96
E01004040,324
E01004041,90
E01004042,238
E01004043,156
E01004044,125
E01004045,91
E01004046,95
E01004047,53
E01004048,131
E01004049,54
E01004050,75
E01004051,61
E01004052,148
E01004053,119
E01004054,91
E01004055,68
E01004056,141
E01004057,104
E01004058,96
E01004059,225
E01004060,189
E01004061,106
E01004062,378
E01004063,196
E01004064,158
E01004065,88
E01004066,145
E01004067,676
E01004068,186
E01004069,91
E01004070,84
E01004071,73
E01004072,92
E01004073,66
E01004074,113
E01004075,112
E01004076,271
E01004077,64
E01004078,87
E01004079,50
E01004080,56
E01004081,63
E01004082,48
E01004083,98
E01004084,48
E01004085,49
E01004086,124
E01004087,46
E01004088,162
E01004089,118
E01004090,147
E01004091,47
E01004092,55
E01004093,67
E01004094,66
E01004095,46
E01004096,44
E01004097,56
E01004098,52
E01004099,213
E01004100,74
E01004101,38
E01004102,90
E01004103,80
E01004104,49
E01004105,67
E01004106,37
E01004107,92
E01004108,113
E01004109,65
E01004110,117
E01004111,101
E01004112,59
E01004114,49
E01004115,49
E01004116,39
E01004117,25
E01004118,178
E01004119,92
E01004120,31
E01004121,124
E01004122,38
E01004123,231
E01004124,111
E01004125,111
E01004126,121
E01004127,81
E01004128,216
E01004129,214
E01004130,172
E01004131,60
E01004132,36
E01004133,39
E01004134,85
E01004135,62
E01004136,56
E01004137,226
E01004138,106
E01004139,61
E01004140,151
E01004141,105
E01004142,1199
E01004143,51
E01004144,81
E01004145,108
E01004146,84
E01004147,72
E01004148,121
E01004149,76
E01004150,109
E01004151,65
E01004152,117
E01004153,88
E01004154,31
E01004155,70
E01004156,120
E01004157,25
E01004158,69
E01004159,76
E01004160,59
E01004161,72
E01004162,63
E01004163,79
E01004164,89
E01004165,136
E01004166,87
E01004167,228
E01004168,59
E01004169,89
E01004170,149
E01004171,78
E01004172,172
E01004173,47
E01004174,88
E01004175,73
E01004176,90
E01004177,116
E01004178,339
E01004179,50
E01004180,68
E01004181,89
E01004182,93
E01004183,129
E01004184,112
E01004185,180
E01004186,97
E01004187,88
E01004188,176
E01004189,141
E01004190,25
E01004191,94
E01004192,71
E01004193,74
E01004194,96
E01004195,86
E01004196,53
E01004197,453
E01004198,186
E01004199,132
E01004200,120
E01004201,148
E01004202,274
E01004203,315
E01004204,180
E01004205,240
E01004206,141
E01004207,180
E01004208,630
E01004209,122
E01004211,345
E01004212,303
E01004214,87
E01004215,510
E01004216,76
E01004217,173
E01004218,73
E01004219,266
E01004221,194
E01004222,253
E01004223,190
E01004224,420
E01004225,140
E01004226,325
E01004228,127
E01004229,140
E01004230,160
E01004231,259
E01004232,213
E01004233,109
E01004234,330
E01004235,82
E01004236,130
E01004237,149
E01004238,511
E01004239,137
E01004240,107
E01004241,138
E01004242,426
E01004243,86
E01004244,312
E01004245,244
E01004246,276
E01004247,299
E01004248,156
E01004249,167
E01004250,212
E01004251,349
E01004252,369
E01004253,242
E01004254,340
E01004255,138
E01004256,153
E01004257,161
E01004258,97
E01004259,420
E01004260,197
E01004261,384
E01004262,215
E01004263,116
E01004264,146
E01004266,86
E01004267,260
E01004268,181
E01004269,284
E01004270,299
E01004271,185
E01004272,216
E01004273,284
E01004274,97
E01004275,112
E01004276,50
E01004277,358
E01004280,85
E01004281,78
E01004283,180
E01004284,244
E01004285,232
E01004286,273
E01004287,156
E01004288,177
E01004289,147
E01004290,263
E01004291,101
E01004292,57
E01004293,253
E01004294,309
E01004295,125
E01004296,149
E01004297,77
E01004298,197
E01004300,91
E01004301,111
E01004302,198
E01004303,281
E01004304,238
E01004305,165
E01004306,294
E01004307,584
E01004308,144
E01004309,634
E01004310,275
E01004311,203
E01004312,120
E01004313,251
E01004314,150
E01004315,238
E01004316,126
E01004317,654
E01004318,248
E01004319,171
E01004321,264
E01004322,345
E01004323,153
E01004324,95
E01004325,479
E01004326,332
E01004327,84
E01004328,134
E01004329,107
E01004330,70
E01004331,99
E01004332,127
E01004333,108
E01004334,182
E01004335,182
E01004336,169
E01004337,107
E01004338,76
E01004339,100
E01004340,105
E01004341,227
E01004342,213
E01004343,56
E01004344,196
E01004345,113
E01004346,120
E01004347,122
E01004348,186
E01004349,98
E01004350,100
E01004351,81
E01004352,140
E01004353,72
E01004354,209
E01004355,128
E01004356,82
E01004357,84
E01004358,116
E01004359,57
E01004360,56
E01004361,49
E01004362,95
E01004363,212
E01004364,132
E01004365,214
E01004366,118
E01004367,142
E01004368,85
E01004369,94
E01004370,189
E01004371,97
E01004372,53
E01004373,105
E01004374,91
E01004375,141
E01004376,135
E01004377,103
E01004378,101
E01004379,140
E01004380,71
E01004381,123
E01004382,89
E01004383,69
E01004384,187
E01004385,95
E01004386,40
E01004387,35
E01004388,148
E01004389,108
E01004390,106
E01004391,140
E01004392,620
E01004393,214
E01004394,184
E01004395,68
E01004396,89
E01004397,867
E01004398,116
E01004399,176
E01004400,138
E01004401,252
E01004402,124
E01004403,280
E01004404,138
E01004405,98
E01004406,164
E01004407,187
E01004408,105
E01004409,137
E01004410,150
E01004411,142
E01004412,123
E01004413,118
E01004414,119
E01004415,69
E01004416,86
E01004417,132
E01004418,95
E01004419,124
E01004420,397
E01004421,135
E01004422,251
E01004423,145
E01004424,237
E01004425,145
E01004426,101
E01004427,120
E01004428,167
E01004429,145
E01004430,598
E01004432,110
E01004434,188
E01004435,157
E01004436,229
E01004437,105
E01004438,305
E01004439,66
E01004440,201
E01004441,54
E01004442,65
E01004443,184
E01004444,278
E01004445,126
E01004446,123
E01004447,77
E01004448,170
E01004449,116
E01004450,60
E01004451,106
E01004452,183
E01004453,154
E01004454,129
E01004455,540
E01004456,271
E01004457,124
E01004458,149
E01004459,136
E01004460,200
E01004461,231
E01004462,131
E01004463,121
E01004464,247
E01004465,58
E01004466,92
E01004467,221
E01004468,123
E01004469,102
E01004470,171
E01004471,108
E01004472,87
E01004473,77
E01004474,453
E01004475,64
E01004476,243
E01004477,92
E01004478,55
E01004479,74
E01004480,96
E01004481,132
E01004482,89
E01004483,85
E01004484,83
E01004485,184
E01004486,91
E01004487,111
E01004488,86
E01004489,82
E01004490,56
E01004491,58
E01004492,125
E01004493,192
E01004494,147
E01004495,94
E01004496,158
E01004497,70
E01004498,56
E01004499,92
E01004500,69
E01004501,81
E01004502,55
E01004503,75
E01004504,37
E01004505,57
E01004506,167
E01004507,162
E01004508,159
E01004509,528
E01004510,98
E01004511,67
E01004512,45
E01004513,178
E01004514,137
E01004515,136
E01004516,85
E01004517,168
E01004518,101
E01004519,83
E01004520,62
E01004521,58
E01004522,91
E01004523,90
E01004524,131
E01004525,851
E01004526,183
E01004527,92
E01004528,167
E01004529,138
E01004530,68
E01004531,81
E01004532,53
E01004533,59
E01004534,151
E01004535,169
E01004536,211
E01004537,200
E01004538,113
E01004539,157
E01004540,216
E01004541,140
E01004542,65
E01004543,127
E01004544,58
E01004545,171
E01004546,40
E01004547,62
E01004548,187
E01004549,80
E01004550,67
E01004551,456
E01004552,404
E01004553,105
E01004554,73
E01004555,64
E01004556,48
E01004557,89
E01004558,59
E01004559,32
E01004560,248
E01004562,336
E01004563,159
E01004564,153
E01004565,106
E01004566,116
E01004567,118
E01004568,123
E01004569,252
E01004570,229
E01004571,198
E01004572,136
E01004573,168
E01004574,181
E01004575,128
E01004576,164
E01004577,97
E01004579,145
E01004580,137
E01004581,101
E01004582,111
E01004583,198
E01004584,109
E01004585,111
E01004586,65
E01004587,88
E01004588,322
E01004589,104
E01004590,112
E01004591,166
E01004592,113
E01004593,65
E01004594,63
E01004595,84
E01004596,76
E01004597,80
E01004598,89
E01004599,34
E01004600,556
E01004601,167
E01004602,130
E01004604,104
E01004605,92
E01004606,96
E01004607,70
E01004608,126
E01004609,554
E01004610,111
E01004611,103
E01004612,167
E01004613,235
E01004614,114
E01004615,150
E01004616,221
E01004617,409
E01004618,60
E01004619,81
E01004620,64
E01004621,95
E01004622,239
E01004623,66
E01004624,154
E01004625,62
E01004626,382
E01004627,100
E01004628,110
E01004629,80
E01004630,116
E01004631,85
E01004632,79
E01004633,110
E01004634,70
E01004635,63
E01004636,69
E01004637,39
E01004638,62
E01004639,101
E01004640,57
E01004641,72
E01004642,63
E01004643,119
E01004644,327
E01004645,120
E01004646,94
E01004647,104
E01004648,129
E01004649,94
E01004650,88
E01004651,53
E01004652,194
E01004653,124
E01004654,248
E01004656,212
E01004657,387
E01004658,591
E01004659,131
E01004660,175
E01004661,397
E01004662,204
E01004663,153
E01004665,127
E01004666,250
E01004667,88
E01004668,82
E01004669,109
E01004670,165
E01004674,201
E01004675,265
E01004676,144
E01004677,99
E01004678,133
E01004679,295
E01004680,221
E01004681,266
E01004682,265
E01004683,109
E01004684,219
E01004686,237
E01004687,86
E01004688,141
E01004689,946
E01004690,145
E01004691,345
E01004692,89
E01004693,119
E01004694,214
E01004695,357
E01004696,103
E01004697,107
E01004698,324
E01004699,431
E01004700,163
E01004701,86
E01004702,259
E01004703,186
E01004705,80
E01004706,85
E01004707,91
E01004708,91
E01004709,157
E01004710,156
E01004711,80
E01004712,316
E01004713,234
E01004714,1519
E01004715,394
E01004716,169
E01004717,289
E01004718,148
E01004719,111
E01004720,193
E01004721,237
E01004722,174
E01004723,181
E01004724,136
E01004725,141
E01004726,108
E01004727,441
E01004728,76
E01004729,57
E01004730,103
E01004731,796
E01004732,301
E01004733,749
E01004734,4719
E01004735,1688
E01004736,2784
E01004737,61
E01004738,68
E01004739,42
E01004740,154
E01004741,84
E01004742,96
E01004743,108
E01004744,230
E01004745,142
E01004746,68
E01004747,199
E01004748,233
E01004749,396
E01004750,489
E01004751,67
E01004752,107
E01004753,91
E01004754,138
E01004755,182
E01004756,133
E01004757,155
E01004760,111
E01004761,1213
E01004762,911
E01004763,4380
E01004765,1244
E01032512,307
E01032513,90
E01032562,96
E01032563,54
E01032564,102
E01032565,102
E01032566,113
E01032567,92
E01032568,223
E01032569,192
E01032570,137
E01032572,99
E01032573,303
E01032574,475
E01032575,228
E01032576,37
E01032577,70
E01032579,300
E01032580,143
E01032581,151
E01032582,1169
E01032583,303
E01032584,170
E01032623,59
E01032637,58
E01032638,35
E01032639,337
E01032640,105
E01032646,202
E01032719,150
E01032720,491
E01032722,426
E01032741,995
E01032742,184
E01032743,95
E01032744,211
E01032764,290
E01032765,111
E01032766,213
E01032767,236
E01032768,65
E01032769,208
E01032770,81
E01032771,573
E01032772,128
E01032773,124
E01032774,139
E01032775,29
E01032776,93
E01032777,114
E01032778,265
E01032779,75
E01032780,161
E01032781,68
E01032782,157
E01032783,80
E01032784,129
E01032785,82
E01032786,136
E01032787,190
E01032788,117
E01032789,44
E01032790,32
E01032803,100
E01032805,237
E01032834,102
E01033000,93
E01033030,280
E01033081,140
E01033082,138
E01033083,986
E01033084,307
E01033085,200
E01033086,110
E01033093,197
E01033098,147
E01033099,132
E01033100,219
E01033101,189
E01033132,121
E01033133,61
E01033135,46
E01033146,105
E01033148,125
E01033150,135
E01033151,155
E01033153,198
E01033207,430
E01033208,132
E01033320,104
E01033322,41
E01033324,137
E01033325,62
E01033327,810
E01033341,121
E01033424,790
E01033455,186
E01033456,205
E01033457,163
E01033463,98
E01033464,206
E01033485,237
E01033486,113
E01033487,25
E01033488,187
E01033489,221
E01033490,177
E01033491,428
E01033492,105
E01033493,20
E01033494,102
E01033568,183
E01033569,195
E01033570,158
E01033571,86
E01033572,283
E01033573,343
E01033574,48
E01033575,68
E01033576,166
E01033577,250
E01033578,344
E01033579,122
E01033580,110
E01033581,166
E01033582,54
E01033583,3310
E01033584,89
E01033585,387
E01033586,162
E01033587,467
E01033588,100
E01033589,449
E01033590,57
E01033591,305
E01033592,52
E01033593,180
E01033594,719
E01033595,4931
E01033596,1191
E01033597,85
E01033598,188
E01033599,64
E01033600,74
E01033601,134
E01033602,106
E01033603,170
E01033604,299
E01033605,198
E01033606,74
E01033607,97
E01033608,55
E01033698,85
E01033699,748
E01033700,437
E01033701,333
E01033702,130
E01033703,137
E01033704,499
E01033705,128
E01033706,938
E01033707,218
E01033708,1523
E01033709,209
E01033710,62
E01033711,219
E01033712,507
E01033713,172
E01033724,278
E01033725,274
E01033726,392
E01033727,163
E01033728,74
E01033729,210
E01033730,228
E01033731,557
E01033732,55
E01033733,322
E01033734,50
E01033735,476
E01033736,98
E01033737,483
E01033738,263
E01033739,98
E01033740,77
E01033741,235
E01033742,58
E01033743,264
E01033744,116
E01033745,125
E01033746,44